{"tam_loc": [1, 2, 3, 4], "ed_niv": [0, 1, 2, 3], "ali_ins": [0, 1, 2, 3], "ali_dieta": [1, 2, 3], "ia_adulto": [0, 1, 2, 3, 4, 5, 6], "ia_menor": [0, 1, 2, 3, 4, 5, 6, 7, 8, 9, 10, 11, 12], "priv": [0, 1, 2, 3, 4, 5, 6], "priv_prof": [0.0, 0.16666666666666666, 0.3333333333333333, 0.5, 0.6666666666666666, 0.8333333333333334, 1.0]}